Mode,Workers,Time (s)
Serial,1,3.9944143295288086
Parallel,10,9.064184665679932
Parallel,20,9.58398175239563
